{
  "global_threshold": 0.39999999999999997,
  "per_property_thresholds": {
    "Property_001": 0.39999999999999997,
    "Property_002": 0.39999999999999997,
    "Property_003": 0.39999999999999997,
    "Property_004": 0.39999999999999997,
    "Property_005": 0.39999999999999997,
    "Property_006": 0.35,
    "Property_007": 0.39999999999999997,
    "Property_008": 0.39999999999999997,
    "Property_009": 0.39999999999999997,
    "Property_010": 0.35,
    "Property_011": 0.39999999999999997,
    "Property_012": 0.44999999999999996,
    "Property_013": 0.44999999999999996,
    "Property_014": 0.44999999999999996,
    "Property_015": 0.44999999999999996,
    "Property_016": 0.39999999999999997,
    "Property_017": 0.35,
    "Property_018": 0.44999999999999996,
    "Property_019": 0.3,
    "Property_020": 0.44999999999999996,
    "Property_021": 0.44999999999999996,
    "Property_022": 0.44999999999999996,
    "Property_023": 0.35,
    "Property_024": 0.39999999999999997,
    "Property_025": 0.44999999999999996,
    "Property_026": 0.35,
    "Property_027": 0.39999999999999997,
    "Property_028": 0.35,
    "Property_029": 0.44999999999999996,
    "Property_030": 0.44999999999999996,
    "Property_031": 0.35,
    "Property_032": 0.39999999999999997,
    "Property_033": 0.39999999999999997,
    "Property_034": 0.49999999999999994,
    "Property_035": 0.44999999999999996,
    "Property_036": 0.35,
    "Property_037": 0.35,
    "Property_038": 0.39999999999999997,
    "Property_039": 0.39999999999999997,
    "Property_040": 0.49999999999999994,
    "Property_041": 0.35,
    "Property_042": 0.44999999999999996,
    "Property_043": 0.39999999999999997,
    "Property_044": 0.39999999999999997,
    "Property_045": 0.35,
    "Property_046": 0.3,
    "Property_047": 0.35,
    "Property_048": 0.39999999999999997,
    "Property_049": 0.39999999999999997,
    "Property_050": 0.35,
    "Property_051": 0.44999999999999996,
    "Property_052": 0.35,
    "Property_053": 0.35,
    "Property_054": 0.35,
    "Property_055": 0.39999999999999997,
    "Property_056": 0.39999999999999997,
    "Property_057": 0.39999999999999997,
    "Property_058": 0.39999999999999997,
    "Property_059": 0.39999999999999997,
    "Property_060": 0.39999999999999997,
    "Property_061": 0.39999999999999997,
    "Property_062": 0.39999999999999997,
    "Property_063": 0.39999999999999997,
    "Property_064": 0.39999999999999997,
    "Property_065": 0.44999999999999996,
    "Property_066": 0.39999999999999997,
    "Property_067": 0.39999999999999997,
    "Property_068": 0.39999999999999997,
    "Property_069": 0.35,
    "Property_070": 0.39999999999999997,
    "Property_071": 0.39999999999999997,
    "Property_072": 0.35,
    "Property_073": 0.35,
    "Property_074": 0.39999999999999997,
    "Property_075": 0.35,
    "Property_076": 0.35,
    "Property_077": 0.39999999999999997,
    "Property_078": 0.39999999999999997,
    "Property_079": 0.35,
    "Property_080": 0.35,
    "Property_081": 0.35,
    "Property_082": 0.35,
    "Property_083": 0.39999999999999997,
    "Property_084": 0.39999999999999997,
    "Property_085": 0.35,
    "Property_086": 0.3,
    "Property_087": 0.35,
    "Property_088": 0.39999999999999997,
    "Property_089": 0.35,
    "Property_090": 0.39999999999999997,
    "Property_091": 0.35,
    "Property_092": 0.3,
    "Property_093": 0.35,
    "Property_094": 0.3,
    "Property_095": 0.35,
    "Property_096": 0.39999999999999997,
    "Property_097": 0.35,
    "Property_098": 0.39999999999999997,
    "Property_099": 0.35,
    "Property_100": 0.35,
    "Property_101": 0.35,
    "Property_102": 0.39999999999999997,
    "Property_103": 0.39999999999999997,
    "Property_104": 0.35,
    "Property_105": 0.3,
    "Property_106": 0.35,
    "Property_107": 0.35,
    "Property_108": 0.39999999999999997,
    "Property_109": 0.44999999999999996,
    "Property_110": 0.49999999999999994,
    "Property_111": 0.39999999999999997,
    "Property_112": 0.44999999999999996,
    "Property_113": 0.35
  },
  "embedding_model": "nlpai-lab/KURE-v1"
}