{
  "normalization_method": "global",
  "min_cluster_size": 12,
  "alpha": 0.5,
  "trajectory_offsets": [
    30,
    21,
    14,
    7,
    0
  ],
  "types": [
    {
      "trajectory_type_id": "T_noise",
      "cluster_label": -1,
      "cluster_size": 24,
      "centroid": [
        0.459415,
        0.458402,
        0.474272,
        0.475604,
        0.425574
      ],
      "std": [
        0.236781,
        0.193463,
        0.165534,
        0.179679,
        0.198712
      ],
      "member_events": [
        "34",
        "35",
        "36",
        "37",
        "38",
        "39",
        "41",
        "42",
        "60",
        "61",
        "66",
        "67",
        "68",
        "69",
        "70",
        "71",
        "72",
        "85",
        "100",
        "101",
        "132",
        "139",
        "140",
        "141"
      ],
      "interpretation": null
    },
    {
      "trajectory_type_id": "T001",
      "cluster_label": 0,
      "cluster_size": 47,
      "centroid": [
        0.030949,
        0.020836,
        0.020928,
        0.030857,
        0.045152
      ],
      "std": [
        0.045852,
        0.029581,
        0.027215,
        0.037211,
        0.061657
      ],
      "member_events": [
        "1",
        "2",
        "3",
        "4",
        "5",
        "6",
        "7",
        "8",
        "9",
        "10",
        "11",
        "12",
        "13",
        "14",
        "15",
        "16",
        "17",
        "18",
        "19",
        "20",
        "21",
        "22",
        "23",
        "24",
        "25",
        "26",
        "27",
        "53",
        "75",
        "86",
        "87",
        "88",
        "89",
        "90",
        "91",
        "92",
        "93",
        "94",
        "95",
        "96",
        "97",
        "98",
        "106",
        "107",
        "112",
        "122",
        "126"
      ],
      "interpretation": null
    },
    {
      "trajectory_type_id": "T002",
      "cluster_label": 1,
      "cluster_size": 70,
      "centroid": [
        0.173228,
        0.177978,
        0.194738,
        0.206642,
        0.216478
      ],
      "std": [
        0.086943,
        0.07088,
        0.071106,
        0.082765,
        0.096102
      ],
      "member_events": [
        "28",
        "29",
        "30",
        "31",
        "32",
        "33",
        "40",
        "43",
        "44",
        "45",
        "46",
        "47",
        "48",
        "49",
        "50",
        "51",
        "52",
        "54",
        "55",
        "56",
        "57",
        "58",
        "59",
        "62",
        "63",
        "64",
        "65",
        "73",
        "74",
        "76",
        "77",
        "78",
        "79",
        "80",
        "81",
        "82",
        "83",
        "84",
        "99",
        "102",
        "103",
        "104",
        "105",
        "108",
        "109",
        "110",
        "111",
        "113",
        "114",
        "115",
        "116",
        "117",
        "118",
        "119",
        "120",
        "121",
        "123",
        "124",
        "125",
        "127",
        "128",
        "129",
        "130",
        "131",
        "133",
        "134",
        "135",
        "136",
        "137",
        "138"
      ],
      "interpretation": null
    }
  ],
  "search_results": {
    "minmax": {
      "5": {
        "n_clusters": 2,
        "n_noise": 0,
        "silhouette": 0.1905
      },
      "6": {
        "n_clusters": 2,
        "n_noise": 0,
        "silhouette": 0.1905
      },
      "7": {
        "n_clusters": 2,
        "n_noise": 0,
        "silhouette": 0.1905
      },
      "8": {
        "n_clusters": 2,
        "n_noise": 0,
        "silhouette": 0.1905
      },
      "9": {
        "n_clusters": 2,
        "n_noise": 45,
        "silhouette": 0.2883
      },
      "10": {
        "n_clusters": 2,
        "n_noise": 42,
        "silhouette": 0.2949
      },
      "11": {
        "n_clusters": 2,
        "n_noise": 47,
        "silhouette": 0.2881
      },
      "12": {
        "n_clusters": 2,
        "n_noise": 48,
        "silhouette": 0.2768
      },
      "13": {
        "n_clusters": 2,
        "n_noise": 44,
        "silhouette": 0.2842
      },
      "14": {
        "n_clusters": 2,
        "n_noise": 47,
        "silhouette": 0.2859
      },
      "15": {
        "n_clusters": 2,
        "n_noise": 47,
        "silhouette": 0.2859
      },
      "16": {
        "n_clusters": 2,
        "n_noise": 43,
        "silhouette": 0.3069
      },
      "17": {
        "n_clusters": 2,
        "n_noise": 46,
        "silhouette": 0.2933
      },
      "18": {
        "n_clusters": 2,
        "n_noise": 50,
        "silhouette": 0.284
      },
      "19": {
        "n_clusters": 2,
        "n_noise": 49,
        "silhouette": 0.289
      },
      "20": {
        "n_clusters": 2,
        "n_noise": 50,
        "silhouette": 0.2921
      }
    },
    "global": {
      "5": {
        "n_clusters": 2,
        "n_noise": 88,
        "silhouette": 0.0662
      },
      "6": {
        "n_clusters": 2,
        "n_noise": 93,
        "silhouette": 0.0399
      },
      "7": {
        "n_clusters": 2,
        "n_noise": 89,
        "silhouette": 0.0572
      },
      "8": {
        "n_clusters": 2,
        "n_noise": 94,
        "silhouette": 0.0352
      },
      "9": {
        "n_clusters": 2,
        "n_noise": 95,
        "silhouette": 0.0229
      },
      "10": {
        "n_clusters": 0,
        "n_noise": 141,
        "silhouette": -1.0
      },
      "11": {
        "n_clusters": 0,
        "n_noise": 141,
        "silhouette": -1.0
      },
      "12": {
        "n_clusters": 2,
        "n_noise": 24,
        "silhouette": 0.4117
      },
      "13": {
        "n_clusters": 0,
        "n_noise": 141,
        "silhouette": -1.0
      },
      "14": {
        "n_clusters": 0,
        "n_noise": 141,
        "silhouette": -1.0
      },
      "15": {
        "n_clusters": 0,
        "n_noise": 141,
        "silhouette": -1.0
      },
      "16": {
        "n_clusters": 2,
        "n_noise": 87,
        "silhouette": 0.1148
      },
      "17": {
        "n_clusters": 0,
        "n_noise": 141,
        "silhouette": -1.0
      },
      "18": {
        "n_clusters": 0,
        "n_noise": 141,
        "silhouette": -1.0
      },
      "19": {
        "n_clusters": 0,
        "n_noise": 141,
        "silhouette": -1.0
      },
      "20": {
        "n_clusters": 0,
        "n_noise": 141,
        "silhouette": -1.0
      }
    }
  }
}